id,name,model_id:id,group_id:id,perm_read,perm_write,perm_create,perm_unlink
access_hospital_lab,access.hospital.lab,om_hospital.model_hospital_lab,om_hospital.group_hospital_lab,1,1,1,1
access_hospital_patient,access.hospital.patient,model_hospital_patient,,1,1,1,1
access_hospital_appointment,access.hospital.appointment,model_hospital_appointment,,1,1,1,1
access_hospital_appointment_lines,access.hospital.appointment.lines,model_hospital_appointment_lines,,1,1,1,1
access_hospital_doctor,access.hospital.doctor,model_hospital_doctor,,1,1,1,1
