<?xml version="1.0" encoding="utf-8"?>
<odoo>

<record id="module_category_fiscal" model="ir.module.category">
        <field name="name">Fiscal</field>
        <field name="description">FOR FISCAL</field>
        <field name="sequence">1</field>
</record>

<record id="group_fiscal_admin" model="res.groups">
    <field name="name">Administrator</field>
    <field name="category_id" ref="module_category_fiscal"/>
    <field name="users" eval="[(4, ref('base.user_admin'))]"/>
</record>



<!--     <record model="ir.module.category" id="module_category_hospital">
        <field name="name">Hospital Management</field>
        <field name="description">Category For Hospital</field>
        <field name="sequence">45</field>
    </record>

    

    <record id="group_hospital_manager" model="res.groups">
        <field name="name">Manager</field>
        <field name="category_id" ref="module_category_hospital"/>
        <field name="implied_ids" eval="[(4, ref('group_hospital_doctor'))]"/>
    </record>


    <record id="group_hospital_lab" model="res.groups">
        <field name="name">Lab Assistant User</field>
        <field name="category_id" ref="module_category_hospital"/>
    </record>

    <record id="group_hospital_lab_manager" model="res.groups">
        <field name="name">Lab Assistant Manager</field>
        <field name="category_id" ref="module_category_hospital"/>
        <field name="implied_ids" eval="[(4, ref('group_hospital_lab'))]"/>
    </record>


    <record model="ir.rule" id="see_his_own_lab">
        <field name="name">See His Lab Only</field>
        <field name="model_id" ref="model_hospital_lab"/>
        <field name="domain_force">[('user_id','=',user.id)]</field>
        <field name="groups" eval="[(4, ref('group_hospital_lab'))]"/>
        <field name="perm_create" eval="1"/>
        <field name="perm_write" eval="1"/>
        <field name="perm_unlink" eval="1"/>
        <field name="perm_read" eval="1"/>
    </record>

     <record model="ir.rule" id="see_all_lab">
        <field name="name">See All Lab</field>
        <field name="model_id" ref="model_hospital_lab"/>
        <field name="domain_force">[(1, '=', 1)]</field>
        <field name="groups" eval="[(4, ref('group_hospital_lab_manager'))]"/>
        <field name="perm_create" eval="1"/>
        <field name="perm_write" eval="1"/>
        <field name="perm_unlink" eval="1"/>
        <field name="perm_read" eval="1"/>
    </record>


    <record model="ir.rule" id="patient_record_rule">
        <field name="name">See only His Patient</field>
        <field name="model_id" ref="model_hospital_patient"/>
        <field name="domain_force">[('doctor_id.user_id','=',user.id)]</field>
        <field name="groups" eval="[(4, ref('group_hospital_doctor'))]"/>
    </record>

     <record model="ir.rule" id="patient_manager_record_rule">
        <field name="name">See All Patient</field>
        <field name="model_id" ref="model_hospital_patient"/>
        <field name="domain_force">[]</field>
        <field name="groups" eval="[(4, ref('group_hospital_manager'))]"/>
    </record> -->

</odoo>
