<?xml version="1.0" encoding="UTF-8"?>
<templates id="template" xml:space="preserve">
    <t t-name="PosTicket">
        <div class="pos-sale-ticket">
            


            <div id="company_logo" class="pos-center-align">
                <img t-att-src="'data:image/png;base64,'+ widget.pos.company.logo" height="50px"/>
            </div>
            <br/>
            <div class="pos-center-align" style="font-size: 14px; font-weight: bold;">
                <t t-esc="widget.pos.company.name"/>
            </div>

            <br/>
            <t t-if="widget.pos.get_client()">
                <div class="receipt-user" style="text-align:center">
                    Client : <t t-esc="widget.pos.get_client().name"/><br/>
                </div>
            </t>

            <div class="receipt-user" style="text-align:center">
                Vendeur : <t t-esc="widget.pos.cashier ? widget.pos.cashier.name : widget.pos.user.name"/><br/>
                Tél. : <t t-esc="widget.pos.company ? widget.pos.company.phone : widget.pos.company.phone"/>
                <br/><t t-esc="widget.pos.company ? widget.pos.company.street : widget.pos.company.street"/>
            </div>

            <br/>
            <t t-if="receipt.header">
                <div style='text-align:center'>
                    <t t-esc="receipt.header" />
                </div>
                <br/>
            </t>
            <table class='receipt-orderlines'>
                <colgroup>
                    <col width='65%' />
                    <col width='35%' />
                </colgroup>
                <tr class="ticket-th-border">
                    <th>Articles</th>
                    <th class="pos-right-align">Montant</th>
                </tr>
                <tr t-foreach="orderlines" t-as="orderline">
                    <td>
                        <t t-esc="orderline.get_product().display_name"/>
                        <t t-if="orderline.get_discount() > 0">
                            <div class="pos-disc-font">
                                With a <t t-esc="orderline.get_discount()"/>% discount
                            </div>
                        </t>
                        <div class="pos-price-qty">
                            (<t t-esc="orderline.get_quantity_str_with_unit()"/> x <t t-esc="widget.format_currency_no_symbol(orderline.get_unit_display_price())"/>)
                            <br/><br/>
                        </div>
                    </td>
                    <td class="pos-right-align">
                        <t t-esc="widget.format_currency_no_symbol(orderline.get_display_price())"/>
                    </td>
                </tr>
            </table>
            <br/>
            <table class='receipt-total'>
                <colgroup>
                    <col width='40%' />
                    <col width='60%' />
                </colgroup>
                <!-- <tr>
                    <td>Sous-total HT :</td>
                    <td class="pos-right-align">
                        <t t-esc="widget.format_currency(order.get_total_without_tax())"/>
                    </td>
                </tr> -->
                <!-- <t t-foreach="order.get_tax_details()" t-as="taxdetail">
                    <tr>
                        <td><t t-esc="taxdetail.name" /></td>
                        <td class="pos-right-align">
                            <t t-esc="widget.format_currency(taxdetail.amount)" />
                        </td>
                    </tr>
                </t> -->
                <!-- <tr>
                    <td>Taxe :</td>
                    <td class="pos-right-align">
                        <t t-esc="widget.format_currency(order.get_total_tax())" />
                    </td>
                </tr> -->
                <tr>
                    <t t-if="order.get_total_discount() > 0">
                        <td>Discount:</td>
                        <td class="pos-right-align">
                            <t t-esc="widget.format_currency(order.get_total_discount())"/>
                        </td>
                    </t>
                </tr>
                <tr class="emph">
                    <td>Total TTC :</td>
                    <td class="pos-right-align">
                        <t t-esc="widget.format_currency(order.get_total_with_tax())"/>
                    </td>
                </tr>
                <tr>
                    <td>Dont TVA :</td>
                    <td class="pos-right-align">
                        <t t-esc="widget.format_currency(order.get_total_tax())" />
                    </td>
                </tr>
            </table>
            <br/>
            <table class='receipt-paymentlines'>
                <colgroup>
                    <col width='40%' />
                    <col width='60%' />
                </colgroup>
                <t t-foreach="paymentlines" t-as="line">
                  <tr>
                      <td>
                          <t t-esc="line.name"/>
                      </td>
                      <td class="pos-right-align">
                          <t t-esc="widget.format_currency(line.get_amount())"/>
                      </td>
                  </tr>
                </t>
            </table>
            <br/>
            <table class='receipt-change'>
                <colgroup>
                    <col width='40%' />
                    <col width='60%' />
                </colgroup>
                <tr>
                    <td>Change:</td>
                    <td class="pos-right-align">
                        <t t-esc="widget.format_currency(order.get_change())"/>
                    </td>
                </tr>
            </table><br/>
                            <div class="pos-center-align">
                    <t t-esc="order.formatted_validation_date"/><br/>
                    <t t-esc="order.name"/>
                </div>
            <t t-if="receipt.footer">
                <br/>
                <div style='text-align:center'>
                    <t t-esc="receipt.footer" /><br/>
                </div><br/>  
                    
            </t>
        </div>

    </t>
</templates>