<?xml version="1.0" encoding="utf-8" ?>
<openerp>
    <data>
        <template
            id="assets_backend"
            name="pos_disable_payment assets"
            inherit_id="point_of_sale.assets"
        >
            <xpath expr="." position="inside">
                <link
                    rel="stylesheet"
                    href="/pos_disable_payment/static/src/css/pos.css"
                />
                <script
                    type="text/javascript"
                    src="/pos_disable_payment/static/src/js/pos_disable_payment.js"
                />
            </xpath>
        </template>
        <record id="res_users_form_view" model="ir.ui.view">
            <field name="name">res.users.form.view</field>
            <field name="model">res.users</field>
            <field name="inherit_id" ref="base.view_users_form" />
            <field name="priority" eval="32" />
            <field name="arch" type="xml">
                <xpath expr="//field[@name='pos_security_pin']/.." position="after">
                    <group string="Access">
                        <field name="allow_create_order_line" />
                        <field name="allow_payments" />
                        <field name="allow_delete_order" />
                        <field
                            name="allow_discount"
                            attrs="{'invisible':[('allow_create_order_line','=',False)]}"
                        />
                        <field
                            name="allow_edit_price"
                            attrs="{'invisible':[('allow_create_order_line','=',False)]}"
                        />
                        <field
                            name="allow_decrease_amount"
                            attrs="{'invisible':[('allow_create_order_line','=',False)]}"
                        />
                        <field
                            name="allow_delete_order_line"
                            attrs="{'invisible':['|',('allow_decrease_amount','=',False),('allow_create_order_line','=',False)]}"
                        />
                        <field
                            name="allow_refund"
                            attrs="{'invisible':[('allow_create_order_line','=',False)]}"
                        />
                        <field name="allow_manual_customer_selecting" />
                    </group>
                </xpath>
            </field>
        </record>
    </data>
</openerp>
