<?xml version="1.0" encoding="UTF-8"?>
<templates id="template" xml:space="preserve">
    <t t-extend="SelectionPopupWidget">
        <t t-jquery='header[class="title"]' t-operation="append">
            <t t-if="widget.cashiers">
                <span class="exit">
                    <i class="fa fa-sign-out"></i>
                </span>
            </t>
        </t>
    </t>

    <t t-name="BlockPopupWidget">
        <div class="modal-dialog block">
            <div class="popup popup-selection">
                <span>
                    <i class="fa fa-lock"></i>
                    <p>Tap to unlock...</p>
                </span>
            </div>
        </div>
    </t>

</templates>
