<?xml version="1.0"?>
<openerp>
    <data noupdate="0">
        <record id="app_system_name" model="ir.config_parameter">
            <field name="key">app_system_name</field>
            <field name="value">IndexERP</field>
        </record>

        <record id="app_show_lang" model="ir.config_parameter">
            <field name="key">app_show_lang</field>
            <field name="value">True</field>
        </record>
        <record id="app_show_debug" model="ir.config_parameter">
            <field name="key">app_show_debug</field>
            <field name="value">True</field>
        </record>
        <record id="app_show_documentation" model="ir.config_parameter">
            <field name="key">app_show_documentation</field>
            <field name="value">True</field>
        </record>
        <record id="app_show_documentation_dev" model="ir.config_parameter">
            <field name="key">app_show_documentation_dev</field>
            <field name="value">True</field>
        </record>
        <record id="app_show_support" model="ir.config_parameter">
            <field name="key">app_show_support</field>
            <field name="value">True</field>
        </record>
        <record id="app_show_account" model="ir.config_parameter">
            <field name="key">app_show_account</field>
            <field name="value">True</field>
        </record>
        <record id="app_show_enterprise" model="ir.config_parameter">
            <field name="key">app_show_enterprise</field>
            <field name="value">False</field>
        </record>
        <record id="app_show_share" model="ir.config_parameter">
            <field name="key">app_show_share</field>
            <field name="value">False</field>
        </record>
        <record id="app_show_poweredby" model="ir.config_parameter">
            <field name="key">app_show_poweredby</field>
            <field name="value">False</field>
        </record>
        <record id="app_stop_subscribe" model="ir.config_parameter">
            <field name="key">app_stop_subscribe</field>
            <field name="value">False</field>
        </record>

        <record id="app_documentation_url" model="ir.config_parameter">
            <field name="key">app_documentation_url</field>
            <field name="value">https://index-mada.com/</field>
        </record>
        <record id="app_documentation_dev_url" model="ir.config_parameter">
            <field name="key">app_documentation_dev_url</field>
            <field name="value">https://index-mada.com/</field>
        </record>
        <record id="app_support_url" model="ir.config_parameter">
            <field name="key">app_support_url</field>
            <field name="value">https://index-mada.com/</field>
        </record>
        <record id="app_account_title" model="ir.config_parameter">
            <field name="key">app_account_title</field>
            <field name="value">My Online Account</field>
        </record>
        <record id="app_account_url" model="ir.config_parameter">
            <field name="key">app_account_url</field>
            <field name="value">https://index-mada.com/</field>
        </record>
    </data>
</openerp>